Effect,pes
avatar_type,0.2190054903114847
disclosure_sentiment,0.17641870038224305
avatar_type:disclosure_sentiment,0.033501833680245494
