Effect,pes
avatar_type,0.07555085958308706
disclosure_sentiment,0.38834216502649443
avatar_type:disclosure_sentiment,0.015545564077697869
